temperature,temp_mean,temp_max,temp_min,temp_std,temp_rise_rate,temp_peak_gradient,temp_trend,vib_magnitude,vib_rms,vib_peak,vib_std,vib_kurtosis,vib_crest_factor,fft_peak_freq,fft_peak_amp,fft_energy,fft_band_energy_100_500Hz,vce,vce_mean,vce_max,vce_min,vce_std,max_dv_dt,vce_overshoot,Ic,ic_mean,ic_rms,ic_peak,ic_std,max_di_dt,p_instantaneous,p_mean,p_peak,p_std,timestamp,DC_supply_voltage,HealthState,FaultType
23.044178122533214,26.488068821489104,34.967754728594706,18.06106215432505,4.872411316213437,3.854253140139459,3402.3633553275126,-0.0015504390843714742,-0.7324158956868125,0.5390435150550693,1.374709364720263,0.5390435250550694,2.489353023293217,2.5502752576052576,11.0,28.69992217644863,144.87189234535572,22427.81977432538,9.375456143348542,7.670960256106943,14.958664727350715,0.014332845087441926,4.227271438056226,3612.887847429884,7.287704471243773,1.5548870205540695,1.5175156063523543,1.7400754451901579,2.9985235529986727,0.8514745676946395,238.0073934563562,14.577775069066561,11.537963949081217,41.258473920286576,9.519121778382598,1775065160.750627,15,Healthy,None
23.220262909018672,26.615355332090985,34.994097515939345,18.008092503148134,5.031131537947094,-1.6446538393487027,3347.27775583385,-0.003584000082605142,-0.24520937024281264,0.5663341963404892,1.7030072589208076,0.5663342063404893,2.8364780648341874,3.0070711601992346,64.0,30.617232167970496,159.8686751418395,22838.219162636477,14.536193069922897,7.392430014359078,14.993645790344292,0.013864908558140487,4.438665030019066,3717.289118585972,7.601215775985214,2.33358036724041,1.4115923601995528,1.6546619438055887,2.996535544454788,0.8633152129464328,289.9215950476242,33.921374762388176,10.2669655648609,43.261631407506975,9.670146339885845,1775065162.1567097,15,Healthy,None
22.225951612293688,26.857805595977183,34.95689400913328,18.059954601007572,4.839445357255396,-1.016725315984644,3387.701669845911,-0.0012508445138414686,-0.5336253714985049,0.5677817970334361,1.7633218423406019,0.5677818070334362,2.5662202254909827,3.1056328689953276,221.0,36.205020906513234,160.5463609362924,25245.378120570065,6.7052329098678936,7.678901523271008,14.914247097970069,0.16239977183625354,4.184386450765859,3939.34725711753,7.235345574699061,0.586106579313173,1.5214220727470533,1.750190247092258,2.991072292621139,0.8651247179308423,230.65633683945168,3.9299811243007845,11.661660441195226,41.315261359035645,9.956277622602158,1775065163.5750806,15,Healthy,None
26.38356187673964,26.538736293498115,34.99062320181692,18.00732968676255,5.168971660457243,0.20028273606207403,3455.6877364959355,0.0008469928737951349,-0.5291251977397924,0.5446131177511834,1.6454231699473432,0.5446131277511834,2.664432411484537,3.0212697529742347,74.0,28.161368545259535,147.81758017756854,21836.744098333827,5.481448874264233,7.337886947620984,14.988396353759345,0.004859991896563609,4.417536446260148,5805.553479925892,7.650509406138362,2.5300752576493353,1.5074743993283068,1.7481111182763662,2.9994176603541876,0.8851064440004989,277.5480805701483,13.868478172845737,11.103936803294225,43.25704391672009,10.1500822804591,1775065164.952487,15,Healthy,None
31.18534050170295,26.887222051875987,34.974466744288776,18.005122789087935,5.009223459450755,-0.05264827462679568,2591.0778748248545,0.0002834253756974911,0.4075724337780424,0.5344660321789816,1.4978516347044724,0.5344660421789816,2.919200710496478,2.802519742129609,206.0,30.199400354335673,142.9035125196013,22320.393338248505,10.047991601328,7.417057957332141,14.98733019740239,0.03718123812599283,4.333176155994598,3625.8248928875823,7.570272240070248,1.2994946812058554,1.5067646877233936,1.7362627028934556,2.999211146558287,0.8627098870934028,243.60043671948515,13.057311642726843,11.057483897066074,41.09193279562204,9.694627037183253,1775065166.3595164,15,Healthy,None
33.20725632546215,26.633130419855558,34.997962574599995,18.006241230117155,5.109434408361724,0.0789898362171425,3003.493251194369,-0.0020365879167498434,-0.24287219188385767,0.5530580801592813,1.4041368279311444,0.5530580901592813,2.6271723297073133,2.5388595753598895,24.0,35.474485452768654,152.58590627639472,19467.65188399076,12.547648185103123,7.023257638995218,14.99307825182125,0.005108460267703174,4.248838354871756,4672.958121766343,7.969820612826033,1.7643817245311362,1.4755542900053207,1.7102353720804004,2.9978459296945297,0.8646644234394517,233.74856083228073,22.138841143642228,10.474035838167332,42.48551427952261,9.507755055040052,1775065167.6838923,15,Healthy,None
28.042032378340437,26.425586592808724,34.84779040733702,18.096188524674435,4.753903196344127,3.111817022816922,3376.430266076593,0.0025640022629521233,-0.2514113775722242,0.5330291844189197,1.5599233748013228,0.5330291944189197,3.0042313620497914,2.9265252093778256,132.0,30.19188761296764,141.5485773560861,20920.692852915196,5.00231723027056,7.181423212213191,14.989901158916835,0.0391839641207542,4.294917096839916,3700.69991929087,7.808477946703644,1.9290326053188243,1.5203979508243757,1.7450184361216443,2.998177940641969,0.8564341267917044,271.1251231321216,9.649633039340063,11.094228047785377,44.108555485739636,10.051072705159445,1775065169.0585341,15,Healthy,None
28.7074949435239,26.729053931766227,34.991888845367825,18.011365141393846,5.056446093373532,4.238624318364182,2430.8399282474743,0.0020427157716674765,0.5235474774411029,0.5189445239422074,1.776275571061198,0.5189445339422074,3.2023200341119247,3.4228620881071157,15.0,30.32577588257728,134.32082051079186,19743.561764516406,2.91661532966104,7.172209328705685,14.984601511702698,0.01422128280594237,4.310918574879686,3661.3146379000273,7.812392182997012,1.9300446781952445,1.4568179724180081,1.6850780141429405,2.995641284507733,0.8468584940754861,253.21412740939886,5.629197895354959,10.525481126782081,42.75731234437682,9.868289681939707,1775065170.415392,15,Healthy,None
31.312964699930923,26.309270705961186,34.99954885173187,18.028844076341873,4.939524993214097,0.6579667318722677,3491.380335647902,0.0001497696562846025,-0.423915033464229,0.5497199692955972,1.5915200883814304,0.5497199792955972,2.619268866313343,2.8951468899143524,41.0,29.801423126411454,150.5143513776084,21711.014945891082,9.487025351475891,7.510614106969169,14.98642983180824,0.011137637098760367,4.359603689565476,4709.983228783789,7.47581572483907,0.5569944811567202,1.5289342215759911,1.7704664485134312,2.9961844442449364,0.892699048619175,250.78601303143577,5.2842207633659655,10.950707587264587,42.19530150149739,9.46632611166816,1775065171.8111358,15,Healthy,None
25.62944810910126,26.454043341819805,34.934802119435304,18.010394718572428,4.8222544199415935,-0.5995262536703085,3152.765439878711,0.00019297837863193847,0.9005895754741102,0.5773826842863827,1.6132561166105819,0.5773826942863828,2.7277222607259994,2.794084638446756,142.0,30.306728955114682,166.0491291882294,25102.755699094552,2.5025386266453746,7.283172890302056,14.997259308828486,0.03319794779093832,4.379247515007876,3565.2145830474233,7.71408641852643,0.075904725021541,1.4878704559566962,1.717751796793952,2.9869618723280666,0.858436218760639,252.93067199731573,0.189954506311302,11.028984293584468,42.30479451489269,9.854328619487132,1775065173.1821764,15,Healthy,None
25.47691920085829,26.17184326519042,34.9580970597747,18.048952755564446,4.9304411466716225,2.1126541229302602,3044.0104367831145,-0.0010229572140187505,-0.40848868774600766,0.5659659182753971,1.5980354087666013,0.5659659282753972,3.0896699390252347,2.8235540850243597,56.0,26.980895548396806,159.79639684791886,25629.15595094835,12.98156992612018,7.43418828891084,14.925509051289229,0.08365741991275766,4.282171774559835,3649.5780867367203,7.491320762378389,1.339371764884508,1.4108039715623848,1.6528680755150078,2.9898302240883465,0.8611649254820403,258.1037681232995,17.387148222919237,10.327274885825664,41.13382104395785,9.28330249753129,1775065174.5927825,15,Healthy,None
19.59152558786252,26.455219400522928,34.97417979250764,18.047697655485468,5.009832756902424,-2.2237399022336595,2858.5277191765013,-0.002429538243863394,1.243714036732064,0.561889974121458,1.6989357779691356,0.5618899841214581,2.937457022754266,3.023609293597755,220.0,27.34726629676348,158.01989860162465,23653.229552511802,2.270964812108356,7.414991744198247,14.989306555609744,0.04406141148505738,4.301768161532899,3635.6616465236234,7.574314811411497,2.6906997333974516,1.4568110795134273,1.7104023678422222,2.9926213799988926,0.8962018402833166,276.62887363719057,6.110484414494947,10.803994617561365,41.352095500161,9.991053642131442,1775065175.9710681,15,Healthy,None
24.420671900954734,26.70230805534726,34.99294719601708,18.101850539123824,4.91808410147561,-0.029090530301416947,3271.2576830334942,-0.004286710696788435,0.3936889426666106,0.5433680310172725,1.877904552715632,0.5433680410172727,3.0121716790715167,3.456045278628997,113.0,27.68934473319132,147.0736380217745,21171.637244487225,0.4568364049030921,7.683635674613137,14.999860595240385,0.065999997865277,4.551787041707304,3603.776358847941,7.316224920627248,0.36129400271366563,1.5325847635488845,1.7636687087919691,2.9830219239369593,0.8727607099942924,276.0005704399794,0.165052253312759,11.815951679742875,44.15741164689025,10.391938907662844,1775065177.3632681,15,Healthy,None
28.354553615441837,26.214447934834688,34.98738076271978,18.12077453731189,4.9386083580048785,-0.24717086736857163,3329.1518230630645,0.0004889412213920288,0.737625831468103,0.5793927693703883,1.4844463425094445,0.5793927793703882,2.7910466942983563,2.5620725617646722,227.0,32.87728690822655,167.22213330146815,24150.36038479421,7.030615748881225,7.566127342945629,14.995205331396992,0.010042179963545839,4.291041044012656,5014.765285032359,7.429077988451363,1.7438403589608216,1.4303081543893827,1.6743384741736476,2.999258897622517,0.8704182383115467,262.29040458496667,12.26027149124464,10.593885694840173,41.272177201007466,9.442822624143492,1775065178.7224936,15,Healthy,None
21.590020385484312,26.53825372414862,34.90244222262588,18.149513982310282,4.765969406836472,-1.3068350403157873,3461.336431986975,0.0019273159156152563,-0.8437024284898511,0.5268199412937393,1.6406185557561856,0.5268199512937394,2.930828093905816,3.114192148052162,72.0,29.247074731813438,138.23573552916625,21269.89063497596,12.348016640705492,7.229022213120816,14.991263344536089,0.01799611840355375,4.228183768846624,4343.994497231887,7.762241131415273,2.9797876699045514,1.4832039053077577,1.718410226957246,2.9998784744668336,0.8677787064632727,223.9979866130805,36.794467733750444,10.651505543825634,42.53637392850534,9.410522010549318,1775065180.125202,15,Healthy,None
20.846460624697826,26.413707432740157,34.96791201037015,18.08891536114859,4.904544032890411,0.017689835103537915,2579.126354694864,-0.001014757912915025,-0.05677340712165391,0.54118902605236,1.6523914122682481,0.54118903605236,2.8135003275100137,3.0532610644173865,183.0,27.46173499105309,146.16612474889354,22034.031579381604,6.353916324848815,7.854601384503521,14.981260930407839,0.01065634619600353,4.296918964279547,3626.746534755552,7.126659545904317,1.909755165460251,1.460672720607374,1.6912200956548848,2.9986987034980825,0.8524439073747726,248.2144867878239,12.134424522282238,11.377457468615608,44.47052078180164,9.699241752824982,1775065181.4987626,15,Healthy,None
25.490973768978954,26.698879913384193,34.99863265670816,18.02168183374652,4.944250781371822,0.7813257772903944,2883.251056506095,0.00023963498949455115,-0.23907347836863235,0.5514627313362901,1.7193153320201477,0.5514627413362901,2.991531907042175,3.117736164466792,137.0,28.438107480315846,151.7860791309477,25162.599028282675,1.1050989774389413,7.106155509795058,14.95142875402869,0.01792675627167395,4.392407890055619,5144.936952130941,7.845273244233632,2.603394724905904,1.5519970379284855,1.7723055385054314,2.996173116997515,0.8557874245852376,264.9093720780834,2.8770088483634484,10.883454071208915,39.1697245764793,9.720400106775287,1775065182.8688192,15,Healthy,None
34.37887276824692,26.596981599687314,34.931919802506116,18.046842955013766,4.797895111938372,-3.512033240843448,2706.670594564884,-0.0012337759526592574,0.34281278502646995,0.5660859630104622,1.5482088624996342,0.5660859730104622,2.6055938759943733,2.7349359219523013,114.0,38.865410067013244,160.39905512516125,26251.2570949144,7.734327570372436,7.615576293097581,14.987383981864213,0.011190699671950743,4.256292151094152,4275.707187504354,7.371807688766632,0.7606062182006399,1.448314579297262,1.6872607914482152,2.998808352179947,0.8655829583312348,292.37386010960887,5.882777643625922,11.224421284268326,44.795857652155455,10.039066844055649,1775065184.2184193,15,Healthy,None
27.654602873354914,26.59482047886399,34.97312215058908,18.006322002926968,4.934261484768303,-2.9120459246504726,2504.658392655143,-0.0013806978390993319,0.26055114612973673,0.5392135870653464,1.5150526121843688,0.5392135970653464,2.80443416307357,2.8097448217737764,59.0,29.577573080298976,144.84924759913886,21300.86168606142,12.969001600835401,7.275914470100747,14.953441819638462,0.02679862839326419,4.309262067198231,4989.786143094098,7.677527349537715,2.1376503533346867,1.5293722031192765,1.7624735223694086,2.999496527028595,0.8759757881239185,284.83075292038836,27.723190854423912,10.93435539566982,41.732976837777414,9.402972138314025,1775065185.6346617,15,Healthy,None
27.250892997284126,26.62417854736678,34.979432199219566,18.0617899164718,4.8916736586814835,5.05845123181899,2890.392253472214,0.002233279831049329,-0.08119760998016634,0.576069682120346,1.8487052143662985,0.5760696921203461,2.8347286352376777,3.2091693759512827,250.0,40.6083475972028,168.55200708990913,25682.04688115362,6.960590542697414,7.333968513042916,14.952510555668272,0.0026473267777055165,4.24029529988233,3542.4011734322485,7.618542042625356,1.123618833434714,1.4908266934292005,1.7217874082753482,2.9822286280716868,0.8613870497369319,269.55091622863426,7.82105062560237,11.069305815108095,43.58200134856747,10.107608040229772,1775065187.024794,15,Healthy,None
34.55295294880176,26.55324323825621,34.94082329558441,18.065453981465335,4.8938888361335176,-0.36532594512274225,2790.9389358302114,5.5684051427552766e-05,0.08723174427527036,0.5556229773417836,1.679822487295247,0.5556229873417835,2.865654477021419,3.0233135157561937,206.0,30.04081475859926,153.77595860184306,22682.323210655268,9.65800622226824,7.651635696283286,14.99663221777612,0.026206662633112,4.311879583700515,3578.788751568669,7.344996521492835,1.9086310088520362,1.4616398040066445,1.7000571474919293,2.9977868881899736,0.8682185140169573,291.9793545492755,18.433570159507074,11.019408070578741,44.3222949115439,10.07567096186566,1775065188.3974102,15,Healthy,None
30.72774249328526,26.549529821751566,34.98704490957623,18.03307658994989,5.009853062901292,-2.0428946833374613,3433.8615600635817,-0.0011760184357700746,-0.7212951344227261,0.5581140000535071,1.7949340615697253,0.5581140100535071,2.802192579569874,3.216070604279657,109.0,30.463884813319517,155.470513033764,22920.658504559615,13.541353793637748,7.599283986809325,14.94586266652566,0.002296440157224522,4.28019596906706,5629.259277908089,7.346578679716335,0.19103176440585057,1.5468298898396347,1.7637214516119677,2.9993954116143717,0.847366892659213,260.48662585817607,2.586828707642477,11.661267231171289,39.5296884660228,9.5972535177714,1775065189.7700236,15,Healthy,None
21.428911070652838,26.888356658777806,34.9764099685178,18.07010833174877,4.955207386876916,1.6408842087586673,2806.5431846595116,-0.0015176765279651132,0.051854065954625383,0.563752693479882,1.763028682197349,0.563752703479882,2.8484372661867505,3.1273086076832697,101.0,32.83012935046603,158.29269427734636,23322.30899550932,1.884819822152497,7.446134047939304,14.956388916701826,0.04807693458132034,4.353075516236507,5168.8760218849575,7.510254868762522,0.10826773055772743,1.4433932617729592,1.6775235473556678,2.9965791844551877,0.8548105894297057,297.7506897917346,0.20406516465467028,10.880882282797776,43.47995035086954,9.775001735196923,1775065191.153435,15,Healthy,None
18.38401723765904,26.73229628919119,34.988970920584705,18.011065468727725,4.800194538733567,-2.335351146773526,2994.923664259259,-0.001144638576647561,-0.209854814217576,0.5636555151001158,1.6411136456850564,0.5636555251001159,2.820607202344526,2.9115542607225637,2.0,30.811563706324087,158.22336197510947,23062.409110967965,8.156920362392896,7.61935809406734,14.931009803853867,0.0879378313901652,4.274274557132358,5786.896576058675,7.311651709786527,2.2619764877091058,1.4696838837887776,1.717281710687535,2.9914735585454175,0.888304990188303,238.33764262319303,18.450762071848366,11.395950765741809,44.02695683694047,10.203451434345645,1775065192.5312507,15,Healthy,None
28.35099629388803,26.33851636427572,34.99666661044405,18.047574732862333,5.007637642124262,-0.3241380631947577,2559.323540613393,-0.0013274340781364107,-0.5070181132540423,0.5419746541093282,1.8305487676336023,0.5419746641093283,2.786220056058545,3.3775541346418736,84.0,30.705820281781772,146.3749477182072,22399.648429471228,5.53824486744347,7.615440146218894,14.972263549171547,0.03525591899020575,4.358560521974161,3654.7446947598623,7.356823402952653,2.0583305531658644,1.494191291202486,1.7290231328422847,2.994195160674077,0.8700076891605022,266.50060127623993,11.399538621572926,11.383505915196716,43.47589305721147,10.041563342654046,1775065193.9432702,15,Healthy,None
26.009900157274558,26.371879690720878,34.976199188947874,18.012194999030278,4.936082101899351,1.0514242963853613,3235.2528883319583,0.0009513770339457401,-0.32629812646835377,0.5415581010713272,1.6543025650238072,0.5415581110713271,2.844402105192345,3.0547092384069625,73.0,30.959067164732527,146.33648075691187,20600.81583778419,12.782946144766656,7.292746942312245,14.93505048719202,0.005374075012671842,4.334399457760217,3574.221485597585,7.642303544879775,1.1219921082358724,1.5748624709885122,1.7912534321470042,2.998912829268046,0.8534618067906611,252.77832605862304,14.342364694432357,11.492965570960237,43.31683169554991,9.99026109272934,1775065195.3292847,15,Healthy,None
21.07298967448248,26.324954284839855,34.8701159455639,18.00353000336425,4.909422474778797,-1.9757380064485532,3192.452475758092,-0.0004027961700916421,0.8000930901862213,0.5678391622230864,1.4635992686875583,0.5678391722230864,2.549417169951724,2.57748908543519,43.0,35.55911245312179,160.5861257597209,23814.638004383138,4.165311597295342,7.383583338935143,14.994466008884336,0.034092704555453435,4.3543385351809425,3430.253845160419,7.610882669949193,1.016304637480565,1.4910029681480776,1.7315723935366134,2.9871649465991226,0.8804845842101607,267.73463299388516,4.233225492882836,11.028029657811905,42.39229424639584,9.77764857272028,1775065196.607529,15,Healthy,None
32.21953545872871,26.54744612597059,34.99948999147354,18.00926645546024,4.869701641781467,-0.9411662176956451,2793.1249805693933,0.0014277945977613637,-0.3342902193570376,0.5382652110316875,1.5108874434377233,0.5382652210316875,2.6799566243614388,2.8069572106884793,52.0,30.49978708578136,144.3085429325551,20599.53411314743,12.695066510867965,7.650716890387596,14.973932462085715,0.06927155410395403,4.385393951292388,4022.7377002436792,7.323215571698119,0.8900891689331555,1.5195638632734947,1.7535321869677203,2.9934524157949873,0.875100449185765,265.0149057215575,11.299741200209601,12.05858007597858,42.13958821495569,10.86326718851673,1775065197.9766183,15,Healthy,None
23.63210779279784,26.757075841541635,34.97502319502568,18.045808742831156,4.870857274567735,-0.09435424803042042,2330.006255185548,0.0015084682107601155,-0.10836177415156945,0.5524695118489154,1.5025634777086434,0.5524695218489154,2.6580996997134987,2.7197219362981464,14.0,29.137615285514933,152.2992923197159,21784.495665876995,14.073665587405607,7.564133005378715,14.931594649787675,0.00846432085390647,4.256183062323357,3665.4711835200314,7.36746164440896,2.7913619366810547,1.4405048420060267,1.6822039223642382,2.99852655080537,0.8687668482250113,240.31782902454478,39.28469443026203,10.846317035808195,40.278831747237916,9.64937882277859,1775065199.3428054,15,Healthy,None
22.48643475455323,26.534202955856685,34.96999216933699,18.00340919655015,4.807591816561662,1.3643277236071008,3096.931756275298,-0.0002824086439270427,0.3248935065320877,0.5568764191025173,1.6493113521518603,0.5568764291025173,2.9372496412016575,2.9617187332025376,134.0,30.049546200943706,154.8750589521895,24187.245684748254,10.228606014576322,7.495722612873174,14.987940086520501,0.0034953732368220303,4.34461659174375,3594.491462659799,7.492217473647327,1.9617796182524083,1.4468849425994512,1.672592732382454,2.9840353836542293,0.8391009541751138,242.4751937091244,20.066270802529825,10.733754828390142,42.608944875326074,9.252718699770451,1775065200.7499888,15,Healthy,None
32.231400100649374,26.0962017150289,34.898178537501586,18.017622176631306,4.848762842732747,-1.5220385973842567,2638.053627828176,-0.0008297799639100594,-0.32983681341253956,0.5225919192497217,1.4477109321322033,0.5225919292497218,2.788238821677789,2.770251224910156,86.0,28.153300105006466,136.54003632147587,20520.234209265276,0.4225155097708444,7.652264716892234,14.930773269383343,0.044811314066505736,4.2176864775255,3563.6192602892866,7.278508552491108,0.19232675150912137,1.4499576992708263,1.6898455297678043,2.995828698852727,0.8678712950671216,224.18518858302377,0.08126103545644693,10.967733204765933,38.581846670592114,9.32941286667538,1775065202.1031623,15,Healthy,None
33.074374038472044,26.618356290274992,34.99140155237052,18.01428186491694,4.899679655861753,2.6788682444020124,2709.9638430359896,0.0017090514733959599,0.8970567079745162,0.5562490426355062,1.433164435171422,0.5562490526355063,2.503250662243166,2.5764797771449555,214.0,30.966415435283537,154.4435643486235,25610.942103489346,10.82039719444731,7.408273189477817,14.971720038177713,0.006733254126271571,4.294768777664018,5453.581782035812,7.563446848699896,1.0474148553483666,1.4933364976928456,1.7248164632257248,2.9927425213708956,0.8630978718969036,251.17928225175368,11.333444762233901,11.051317172952384,42.97177810637289,9.708500545201817,1775065203.4346373,15,Healthy,None
30.819645727942316,26.645682747247836,34.869450982755566,18.008014447920605,4.889952681232763,1.2712924193424369,2912.6168638026443,-0.001134926085933407,0.15239529460810197,0.5387818851468464,1.6116997939948687,0.5387818951468465,2.8789548323274095,2.99137704609691,168.0,27.037345261373872,144.56533613609324,23028.694059265734,9.103200936732348,7.085759899955712,14.928563893351253,0.07875998598472711,4.250666904172436,3627.2431504995675,7.842803993395541,2.518429146187145,1.4777294849624591,1.7069114287639,2.9984746316642026,0.8543197264007217,240.6477943246565,22.925766562664865,10.740807078344194,43.17786271122357,9.780037571636516,1775065204.7892177,15,Healthy,None
33.37206125337181,26.107869678789914,34.99154270080151,18.059844942591425,4.912531997624209,2.9579166917446384,3266.807750380973,0.0020776843888952283,-0.31927020860055344,0.5377860391603364,1.5485636967211394,0.5377860491603365,2.760110321630829,2.8795163041863288,158.0,24.28937944728832,144.0403572189411,21290.231744994206,12.654014235549292,7.5010507722031345,14.988425394253486,0.012242571431972937,4.335214001674869,4527.866855511874,7.487374622050352,1.2034608455070552,1.5031337372556306,1.7274526227709273,2.9820759693282737,0.8512822868132964,248.30546908335617,15.228610670972465,11.200401379790609,44.17803722805409,9.742371418968697,1775065206.1434095,15,Healthy,None
34.2298300600188,26.552939528844753,34.968326137594744,18.0443646307598,5.026124067016045,2.979158329530581,3359.4797892422735,-0.0011319251554447352,0.04382781155162574,0.546072213329898,1.5099339534530734,0.546072223329898,2.602569164447521,2.7650810441256937,249.0,29.116541369051223,148.6038867499229,21544.955447820703,5.981006984559703,7.424501238608829,14.978718990723856,0.03460379593381746,4.307618699556149,3569.17524633762,7.554217752115027,1.3251039898361006,1.516367242970176,1.753967881335088,2.994917164483631,0.881495157787112,282.4449822469939,7.925456218477647,11.243692001717536,44.524478168514094,9.927421409989408,1775065207.504653,15,Healthy,None
25.57072892078854,26.991401279948253,34.9911474430247,18.046233834969073,4.853995915766314,-2.626536186115109,2806.927539473629,0.0003427598578086235,0.973325217253374,0.5359992751243184,1.627270521079694,0.5359992851243185,2.805799980191983,3.0359565138268207,204.0,27.780733401768824,143.0816542403102,22041.514761351576,10.16349278129031,7.263378734009351,14.988450853410146,0.0057258686326383534,4.267320223386455,5026.446186840397,7.725072119400795,0.07713815659877077,1.5103755139327686,1.738692234175454,2.998104341725886,0.8612876941500774,283.6585968890639,0.7839930977536482,11.13595448759008,42.52266691604744,9.934164647375221,1775065208.9104123,15,Healthy,None
34.44758755482182,26.59667403492464,34.95431962213094,18.09195922354699,4.942910367240698,2.142095383886468,3429.7059394567987,0.003331664357152622,0.3735810041582819,0.5512666859370439,1.7631192569702574,0.5512666959370439,3.087680214294013,3.1983054118176044,134.0,29.987477230265224,152.09568416570494,22887.462173960557,12.742716609194254,7.624208166192217,14.86984006700485,0.0328105019001812,4.276423899421473,5191.01935468808,7.245631900812633,0.5983373677819948,1.4961392840269703,1.7356354182064642,2.991103481678797,0.8797713042171773,245.0876127076679,7.624443514337195,11.367552496737844,43.83350521173177,9.85761463630635,1775065210.296656,15,Healthy,None
21.5151911845401,26.447586034018506,34.95413246204508,18.020902871215018,4.892019296751053,-0.7964887775412081,2902.0788677705386,-0.00012571804506490274,0.350700958706613,0.5549251486949421,1.63603042338089,0.5549251586949422,2.9171569427382713,2.948200127073823,27.0,28.35290233910418,153.41812317460509,20643.50062562195,2.397422315168723,7.805956984977722,14.982305404504164,0.013342489850630135,4.224318323081801,3670.4576200049405,7.176348419526442,2.657308904895088,1.551659439031161,1.772671426027552,2.994849312514103,0.8571563275856144,248.40192387637205,6.3706916668920455,12.2735017140659,43.62600623614489,10.32526246566701,1775065211.6639664,15,Healthy,None
24.47455246656675,26.21067047285494,34.94964796186131,18.011884980024554,4.809843890323294,-2.6997623391124725,3092.933886992597,0.00056486916634287,-0.43008905804913766,0.5524196643543916,1.802552806514525,0.5524196743543917,3.1893038970698266,3.263013412078695,117.0,28.443426401391424,152.72299542949142,21899.23889093425,5.616949660813121,7.516653489118138,14.96416313858956,0.014352315513731506,4.372318448800384,3683.8349578455777,7.447509649471423,1.6938868290454825,1.3963998041434504,1.6388968442212073,2.9966725047630383,0.8579338278599145,226.45585903060365,9.514477049862835,10.656535900166682,44.354926336115795,9.850149947637604,1775065212.9449546,15,Healthy,None
33.28599914167986,26.56424142617555,34.99671568276214,18.02622456571874,4.945874114028717,0.8875883753804392,2359.3730146280263,7.677812973167786e-05,-0.6634250147032066,0.5464193548852911,1.5603353009402663,0.5464193648852912,2.8773463883972727,2.8555636956018655,57.0,37.20352464049534,148.93888815722306,20826.88391682214,1.3120331604482245,7.689182354838316,14.958183914134292,0.003913777699035559,4.322586744645586,3726.6974447809703,7.269001559295976,2.3411684814156195,1.4590114126770164,1.6934843769233796,2.990032717286591,0.8597528904061816,284.1697102902611,3.0716906818135055,11.334622760618123,44.40039617685071,10.191941037221271,1775065214.3784912,15,Healthy,None
20.768159694816415,26.643027742420628,34.99413119617418,18.00443586455803,5.047473787206589,-0.7386248242704987,3490.337473385951,0.0011934261835186487,-0.49049082116978027,0.5738592400215703,1.405661613202947,0.5738592500215703,2.511397634151324,2.4494884645496446,27.0,30.25497278447917,164.04866646741277,23017.607291925626,3.674496534011409,7.6192035517590755,14.992340731283425,0.01141360388760948,4.315550173799641,6884.77939857267,7.37313717952435,0.008694074827697573,1.502036305037558,1.7320074134714818,2.9985776142319205,0.8624016573901583,252.7708292503964,0.03194634782081057,11.668637390516846,44.804492302755826,10.193511841687124,1775065215.6904817,15,Healthy,None
33.176610605914654,26.626681566360123,34.98028506859721,18.139776418357556,5.033325084571426,2.184599618496519,3390.911105509799,-0.0019661130857308116,-0.01941153092883252,0.5333307214765726,1.6233554409070683,0.5333307314765727,2.886726763423144,3.043806300853257,114.0,24.05284501576851,142.74744744684838,20888.104608483114,6.389600416953412,7.593839760927745,14.990892548462144,0.021810762331733735,4.389826856306198,3790.2517353672474,7.397052787534399,1.8310075633500211,1.4679787269491757,1.7080816407708366,2.9890420877670034,0.873259038752574,263.91770987777784,11.699406690226146,11.168711875161781,43.8071395195312,10.162566304883839,1775065217.0293005,15,Healthy,None
23.631396206031972,26.723823245237355,34.937141371595246,18.122531574671637,4.9769311016901305,0.465404422556845,2626.775386171482,-4.0809510172316016e-05,0.15795770137376075,0.5415158218521672,1.7100366922876984,0.5415158318521672,3.0139204918872804,3.1578701705521603,170.0,25.549913133971526,146.03630645031166,23787.02310662515,3.8823489809080987,7.558373515813794,14.981554304697893,0.009191353634993016,4.40375949737208,3660.3126059321994,7.423180788884099,2.9534504487221884,1.4895027875658695,1.7178008278969996,2.9982792017979185,0.8556992054204097,281.181815982556,11.466325339759155,11.416861163328694,40.06348328216981,10.045703850037816,1775065218.4142628,15,Healthy,None
34.64447861307846,26.450949608998656,34.979955896298506,18.000642478139728,4.912724726210009,2.0662997402378096,3264.0679058196456,0.0013456623669831345,0.8261401598972997,0.5584490710886554,1.6683618165617147,0.5584490810886555,2.8774376397016104,2.987491381146811,109.0,34.04337271114606,155.5133002137553,23446.422945833932,7.051478700282871,7.626924713921106,14.880559980519266,0.08219768312042075,4.4224816383660315,5362.198498816117,7.25363526659816,2.352029460883208,1.5644336570391337,1.7839948825362169,2.988257553399029,0.8574293403182397,237.32800154726357,16.585285645855745,11.923108667540367,44.11223739381849,10.313584976441666,1775065219.7633572,15,Healthy,None
18.30638470280486,26.79862434871193,34.96522473722622,18.065885893491973,4.847655410695836,-1.853602363024951,3092.8672218714023,0.001900236469427061,0.3743287329391036,0.5464208720640931,1.6843433989718806,0.5464208820640931,2.8144867503382907,3.0825018850108905,99.0,29.105742031565374,148.98476657198822,20780.07419819659,11.631318090728055,7.3994500256813955,14.977899012884023,0.007884474311745104,4.368911644705882,4428.545274629062,7.578448987202628,1.9377701732629535,1.5454085221681795,1.7875632526253782,2.988513025806059,0.8983845956752518,274.95828217083397,22.538821271946627,11.52331686961386,43.69947939702224,10.574779055993494,1775065221.1490867,15,Healthy,None
21.33079873742629,26.609721151475938,34.963702883829946,18.087418635772984,4.874562299566592,-3.2840916997823717,3099.3584630119226,-0.0006815042385467112,-0.6094181112567476,0.5529135820100013,1.5465763865638296,0.5529135920100013,2.4683405286836804,2.797139388347419,166.0,26.177192234961414,152.3595901645703,24005.86728849051,14.456781442224017,7.593005261434316,14.991190575742023,0.020734722298538788,4.328413666605197,3639.4354250785295,7.398185314307707,1.4388373535041574,1.4490350246553776,1.6958541754970522,2.996312883213136,0.881032849485634,263.0285302612198,20.800957150517622,11.239955338236888,42.786448840893414,10.074671179370595,1775065222.560925,15,Healthy,None
20.764669172569274,26.361241257592365,34.990852948172936,18.21316102215164,4.839318024530105,-1.12916462641623,3372.7395730989274,0.0022513508655304564,0.9187454173854057,0.5666509430187494,1.6572120203090361,0.5666509530187495,2.8787696454675147,2.924572898855077,33.0,28.53976629661397,159.90820447209182,22343.48452165188,9.229669848259501,7.523581252445492,14.989045408810066,0.026870067642084106,4.404580476852459,3738.0785881393504,7.465464156364574,2.998661697405887,1.5240854417170089,1.758351456311199,2.998661697405887,0.8769055879956424,275.1591295081183,27.676657453677773,11.662052863556568,42.95604767104709,10.303916673781476,1775065223.9873357,15,Healthy,None
30.152669408675678,26.778966017302757,34.97363288973638,18.03676752953549,4.932039618711257,-1.0593831363168256,3235.1993002458457,0.0012070480001123423,-0.006812041866316232,0.5418676393544505,1.7510766393364596,0.5418676493544505,2.6292206481214486,3.2315578193726644,37.0,29.25117889625633,146.33246714069747,22423.251032734202,0.38243325126917527,7.571982955762336,14.998613489019585,0.01386157731439297,4.339057692953123,6173.925806423143,7.426630533257248,0.09809561960380642,1.458939101961177,1.7059387830838206,2.9989189729019525,0.8841514736730466,259.36667396571085,0.037515026740347936,10.955546711123981,42.74843029559264,9.577954534346466,1775065225.3616488,15,Healthy,None
33.43966451292019,26.602454114467655,34.954650775176816,18.005168866897343,4.816990377691218,3.774679156405071,3346.41548566063,0.0013044336478660295,0.5671803795508397,0.5360895479797111,1.6451455319816022,0.5360895579797111,2.8343089051365378,3.0687886146886383,113.0,27.819601844011533,143.1269319088561,22548.85865507384,4.171817428876188,7.7538969552220625,14.967323182511345,0.03348941037213171,4.281367510403813,5247.486402752659,7.213426227289283,2.283582356652567,1.4174227245916082,1.654587218711605,2.998329212227903,0.8535641066347079,240.3257828746749,9.526688675757338,11.423047494372222,42.5258360951321,10.271000322357727,1775065226.793688,15,Healthy,None
19.275393171888492,26.14075630886265,34.76897233516581,18.06267170133056,4.990192757663558,3.0129217460586952,3406.260037921536,0.00026184938714661786,-0.40601220699404683,0.5384586310129073,1.481174848145931,0.5384586410129073,2.6419383750735967,2.750768091231033,196.0,24.026355049859895,144.77047569897175,24278.55616250446,10.14189660144307,7.650408873882747,14.948082383437887,0.040460807723484704,4.336883622584627,5897.574354152823,7.29767350955514,2.858669705680195,1.498737154454538,1.7274790758334548,2.9958340133232944,0.8590523262874749,278.7108076215984,28.992332572686234,11.363478472677276,41.43047081430416,9.813078415681181,1775065228.1842706,15,Healthy,None
23.86228757276996,26.791112770124126,34.98755181358216,18.022571534272934,5.013214287306936,-0.031916840854188194,2765.06148378026,-0.00023726803497254413,0.2875757584759504,0.5446085004110232,1.766374527684127,0.5446085104110232,3.0707630141943896,3.243383997710614,250.0,30.829997627924303,149.60177974845354,24733.34187249376,2.554123051738612,7.281866241214162,14.992421518615638,0.0018799281453674155,4.368025871656922,3692.4404866060027,7.710555277401475,0.488233203428306,1.5803927544332679,1.8007209106907072,2.9969104898970214,0.8631074903704624,255.36524100183883,1.2470076795004237,11.868439364320464,42.57471337776339,10.591344655508141,1775065229.6201034,15,Healthy,None
19.977007253815902,26.50633224680141,34.9909830662409,18.027616551326002,5.0324630843450695,0.19954950219034437,2766.543266395986,-0.0008261416489160401,0.35057000278703065,0.5503265099365097,1.5752691265036747,0.5503265199365097,2.641143155438033,2.862426340430425,67.0,27.40708138315414,150.84647332947327,20948.1265491354,6.519462294145,7.639192909741514,14.979472195045187,0.01059815214603299,4.426782086700889,3585.5950230179633,7.340279285303673,2.6621802105103924,1.4986993440377254,1.7361724011008368,2.998314213153061,0.8764672740753855,245.84767537372753,17.3559835026415,11.470697518812438,44.333816958078074,10.305752400216925,1775065230.9949694,15,Healthy,None
22.260023884198855,26.493570051883275,34.935243431637765,18.13920897481561,4.785466349855822,0.6001152214346311,3047.144843751159,-0.0009811465399656599,-1.1270524146623617,0.5505825609437406,1.7100590879401414,0.5505825709437407,2.7444534061301584,3.1059085016239605,4.0,31.801427957331352,151.66726340738882,21499.762417161477,6.789172330334847,7.535297295232616,14.998561162490207,0.01415490074313741,4.430592767442384,3479.178249233003,7.463263867257591,2.5389636267366447,1.47038005167344,1.6932877237894566,2.9988602155269835,0.8397653357795211,229.82626604635436,17.23746160236704,10.94566224224219,44.02360368641421,9.753209459361278,1775065232.362218,15,Healthy,None
23.843492497367976,26.46443189866373,34.97925306341798,18.09272352878871,4.832577898092988,-0.20265454997702,3260.537445701354,0.0013789517703763196,0.7309575956294665,0.528188697431966,1.6290306591486328,0.528188707431966,2.975212720654813,3.0841830509192816,250.0,34.06731783642271,141.2478230443966,20945.977329470286,5.20577172820421,7.753241784456548,14.963349470079956,0.017208220860506773,4.375060752798761,3908.3468805433663,7.2101076856234085,1.362782529360973,1.51661548114979,1.7508302698454414,2.9933059538881053,0.8748051875382611,275.1491888850989,7.094334763037978,11.895887447450635,43.61591089717948,10.339683877610907,1775065233.7196546,15,Healthy,None
29.954963205443583,26.54447363537677,34.98476456912295,18.001783202123743,4.897945442965294,-1.3740896868109467,3424.408927777141,-0.00019001918769084782,0.8612399492911877,0.5254408727646858,1.7596141601252449,0.5254408827646858,3.1299426967853288,3.348833746751436,160.0,30.968833620455758,137.66719164197616,22828.699883137997,0.27695890984373694,7.997565376987884,14.974460900796103,0.08726131608196519,4.21727433131701,3628.615796614082,6.976895523808219,2.172610001807624,1.4948676496400695,1.7212537034869493,2.996032814966697,0.8532789824126183,236.12610331426302,0.6017236976162389,12.121241097741702,40.66639606340825,10.010751213687092,1775065235.0969791,15,Healthy,None
24.12454485235753,26.693257407008314,34.99873818216308,18.00446243878641,4.891545519336828,-0.5999863861791745,3478.126459936034,-0.0008042177871541547,-0.13060068874050712,0.5684774413640279,1.7180730742526495,0.5684774513640279,2.6281000273377657,3.0222360977207363,179.0,33.804909722648844,161.01519028052627,23178.45222833906,10.928125157694712,7.993451334601988,14.962352877075523,0.05541216733576215,4.326091565937245,3700.292146162922,6.968901542473534,1.802849272265056,1.478807010812715,1.7082876246198433,2.9922632943445397,0.8552054917974212,235.1701655462221,19.70176248777136,11.745592620811538,44.38270919347438,10.131894031894943,1775065236.4857473,15,Healthy,None
24.21097423622185,26.296760597992296,34.90177428113224,18.001097260145475,4.931023750178757,-2.5896524755818118,3039.6142938612247,-0.002127796873568404,0.10099749598654761,0.5661375485148145,1.7076172536361205,0.5661375585148145,3.294772330713825,3.0162585540443985,117.0,29.890899288301508,159.82575223824685,24244.862248227953,11.620284790285595,7.221638704460386,14.98068795748873,0.0006753386740915301,4.318450290821224,4487.966012733173,7.759049253028344,0.15566495357183563,1.4906060111618122,1.7258405566079975,2.996013285021644,0.86983868982776,280.1292876119215,1.808871092371315,10.81613921401382,42.274571854795695,9.905023196735096,1775065237.9009354,15,Healthy,None
25.89200270318848,25.906237016118133,34.974903896137036,18.043440901636906,4.908047367109623,-1.183295172364371,2790.5006790935313,-0.0018198376168806275,0.00634963200102634,0.5397562421834121,1.585839205652448,0.5397562521834122,2.8624065273081656,2.938065467954174,103.0,29.054956622010607,145.48451602773187,21971.781688200375,11.122222004273768,7.853977875094502,14.990505738599536,0.03233952488016556,4.258014064096182,3728.3054281222126,7.136527863505034,0.24158333766897544,1.461912875999717,1.6888489076194986,2.9967193003819017,0.8455893659181204,267.4026123725519,2.6869435140877784,11.253144929404847,39.646783595539006,9.621629745690177,1775065239.240127,15,Healthy,None
31.01434145316138,26.35985093053227,34.97397574221067,18.001308395861493,5.059769598223528,2.5954653299774346,3405.864453187203,-0.0005880004243334118,-0.5532005444665387,0.5661867509776984,1.7359483626884022,0.5661867609776985,2.7088085149780583,3.0660348887189532,63.0,33.31272091065151,160.94128800481172,24236.099924990875,6.845446720113198,7.199263686700894,14.995974841773753,0.0052125449207029995,4.369176969042532,3599.7649817355923,7.79671115507286,2.007123021197577,1.52536415199899,1.7589450410070908,2.998440169032529,0.8758720574831906,262.59585152988876,13.739653702320647,10.798805842852019,43.155137510985476,9.565238125741171,1775065240.5856571,15,Healthy,None
34.9034641348931,26.548002913331793,34.95806616888287,18.00559414953152,5.039431997760549,-1.5486447579155356,2993.720805777934,-0.0025302246372041126,0.9912865950703582,0.5333845881249595,1.6312545694416865,0.5333845981249595,3.1800038119465226,3.058308348565254,191.0,24.20468323545818,141.84919515775235,22354.579858411245,11.915751683325297,7.510261990369899,14.959223018611054,0.0032507447312862814,4.429197400584225,3619.6963704142036,7.448961028241155,2.5395685958116734,1.4585065410885918,1.686963213273329,2.9976219835619333,0.8477048734903366,240.3317107814885,30.26086877046301,10.992336818090909,42.67178826844687,9.803174509217305,1775065241.9843695,15,Healthy,None
25.589767277893344,26.571364475490153,34.98807957626615,18.015640143736462,4.982650736029007,1.0434417966994733,2844.79781170026,-0.0002370376916185598,-0.3870790170515639,0.5586749793377641,1.7520670018216489,0.5586749893377642,2.860782082762187,3.136111397967706,134.0,35.07459545848264,156.68315651498338,25162.216901057327,11.871793646472934,7.536276434749015,14.99806720858179,0.022144051291627664,4.384902425801324,3586.3727557443553,7.461790773832775,1.7386388688589511,1.4779555977259369,1.7201553204391384,2.993312307415399,0.8801031630358129,250.39100074412667,20.640761876830584,10.879180756237616,42.881088316255465,9.620642485527382,1775065243.393152,15,Healthy,None
32.71665698198512,26.39393433656727,34.976539237810876,18.027998622883604,4.855151341591474,0.38105834056590904,2700.932457615392,-0.0005369323674065616,-0.21844002880019064,0.5610018021918747,1.7095646851629172,0.5610018121918747,2.892521114052331,3.047342536173857,90.0,33.319350176129674,158.00162694185394,22328.25787239167,9.85055085083021,7.5205172234405335,14.985249023405336,0.055341344816544624,4.246219188178666,3656.7278025157157,7.464731799964802,2.079185309638837,1.4353075141189056,1.6838895567450005,2.9985326093293985,0.880554586172079,255.63857480443474,20.48112062089652,10.717165030526052,42.096885598198554,9.874865561226501,1775065244.7702715,15,Healthy,None
19.594753914832133,26.461204806630334,34.936412995247224,18.107272583570197,4.721404212318529,-0.3403149672437048,3016.9616256647096,0.000501376672605427,-0.18631542958846525,0.5654851676175011,1.6031379299044892,0.5654851776175012,2.703231422725064,2.8349778090715314,68.0,27.12355538276335,159.33338781020527,23933.57655148295,8.195558041688193,7.5276212285080355,14.97672569768973,0.09841938462714528,4.336935867449498,3906.8330125976017,7.4491044691816946,0.3124260991403588,1.5039364625217162,1.7402860804057558,2.99550837147279,0.8756544742943393,266.88145651470336,2.56050622924304,11.447553105823646,43.5068861242593,10.323392545496825,1775065246.1406214,15,Healthy,None
27.915934765313946,26.41596993630404,34.81953304911548,18.008632132891794,4.8011434961592645,-0.1877337135515263,2938.356865386118,-0.0020016939581075296,0.7876808516404237,0.5540095549401053,1.6576184432179841,0.5540095649401053,2.855411755393966,2.992039394477226,115.0,27.204884748316978,152.8520979363076,21735.103475363514,10.591665548723304,7.4736426945064,14.972528971682738,0.004514197072387205,4.482284996601685,5806.195011583157,7.4988862771763385,2.0979281087970367,1.4988503839739733,1.7312504645078357,2.989917944367048,0.8664154299870644,247.22576591338208,22.22055287364381,11.119793050859458,43.16910221839765,10.220607450914146,1775065247.5233865,15,Healthy,None
26.67459252263265,26.420837937634346,34.997806218234956,18.02269197569914,4.927357610706282,2.0102182711145997,3436.978923974673,-0.00010177353127885818,-0.3983098869703299,0.5202106653042229,1.544118470032526,0.520210675304223,3.2157294041347138,2.9682560226768016,108.0,35.638280020402306,135.10109101870637,22261.974706647954,7.703909670247087,7.023610358173309,14.985710297647339,0.018183955013158504,4.339988556069884,3696.2583101834744,7.9620999394740295,1.0681684390092927,1.515441118207345,1.7552507033778564,2.995414657071457,0.8856315537258881,233.25648318283658,8.229073166736425,10.619708050670447,44.261213430903226,9.81185209420698,1775065248.897063,15,Healthy,None
33.798349883342524,26.121961938699112,34.90430978441924,18.025459642525806,4.762055366382378,0.09303466122613281,3285.5920136631553,-0.0004496936019989917,0.6909732772848103,0.5552255765718457,1.6600916253606641,0.5552255865718457,2.6442483742751928,2.9899407835482554,244.0,26.28697010129333,153.8692142374327,25683.58215463488,9.725918440669789,7.353327169761439,14.954161476209054,0.07553390073979871,4.1776797568338635,3479.953567451945,7.600834306447615,0.3568710975795657,1.5243551557795236,1.7557854598447908,2.989732651504903,0.8712771889879635,250.5841041245605,3.4708991888911656,11.230820821587164,44.65080909659693,9.974680260713862,1775065250.2710798,15,Healthy,None
33.04886065274626,26.410503585906103,34.985442309973564,18.048470605821258,4.959120772041417,2.6032409126303193,2577.5269481806095,-0.0033863793595038864,-0.39021933346168414,0.5434730202927825,1.638464641550485,0.5434730302927826,2.8246690349344763,3.0148039557138704,88.0,29.331904781965534,147.17746583743107,20618.115131106515,1.0706318478177923,7.270386732214944,14.996960437510202,0.0007574386482689377,4.346569073309667,3664.1878654097477,7.726573705295258,1.9845198301489866,1.389882468135514,1.6488700891312607,2.965649838891948,0.8871298076388049,270.3799664266092,2.124690132783461,10.008764395241698,43.58938797235191,9.368206742487304,1775065251.6538806,15,Healthy,None
26.821060988496406,26.325817383647003,34.98146213176156,18.01666434195502,4.951589643209963,-2.2981168935192455,3168.6651934961524,-0.003075183295239241,-0.2412651948474447,0.5211953717623227,1.5411020216858518,0.5211953817623227,2.7016597046583333,2.956860470395784,220.0,30.508226122731973,135.28228944023374,21265.1608096817,14.869589894408527,7.473729938399186,14.988187734247912,0.10888152623088454,4.354045771172436,3680.361020769312,7.514457795848726,2.318923485425855,1.5581451018302805,1.7760297941825816,2.999923855266383,0.852329555668773,252.98136460870535,34.48144122479489,11.722634796594834,42.29480721859896,9.932359141470462,1775065253.0063214,15,Healthy,None
24.220155523948762,26.490386187898842,34.96274940341507,18.02863261544642,4.96803738382252,-3.8342943107356713,2603.5060726494585,1.3678551504896617e-05,-0.7919337709711305,0.5760121082611592,1.72622612295093,0.5760121182611593,2.664775638576006,2.996857302519932,101.0,29.627437262568062,165.24501252775818,27008.33476579668,14.628262875319622,7.315964780716891,14.828487737575761,0.045147123654555865,4.436391741394928,6044.780135393676,7.51252295685887,1.7949414212714672,1.5496965004541834,1.7735059771002553,2.994509058606026,0.8624176524691428,285.06188299454936,26.256874956158843,11.467891263086909,44.15266550103116,10.041365898861137,1775065254.367151,15,Healthy,None
29.103233453786643,26.55777807734813,34.96891633385336,18.018277488179674,4.898284893340717,1.5691060850940084,3439.6322271562135,-0.002538315790484828,-0.07812058140267553,0.5413487017835908,1.7993901778493693,0.5413487117835909,3.072345677646009,3.3239022069912894,225.0,31.45405215315502,146.09844425355368,23624.926555161182,14.887418837890458,7.576257236545835,14.977909069830183,0.03473174286043601,4.357912447829386,3703.382872991225,7.4016518332843475,0.6034452236637446,1.5280031985477815,1.7485747791828923,2.9966543173262807,0.8501293922822863,225.86754536342153,8.983741790406652,11.6975602424841,41.975643765005366,10.005808341897836,1775065255.7595153,15,Healthy,None
19.860612903276905,26.78105546424254,34.96849313631908,18.088313708869578,4.7414637811865274,1.8618724430320108,3044.117514814735,0.0004912473152902916,-0.014411201512656513,0.5473257081411643,1.8385551133314593,0.5473257181411643,3.1762980804656946,3.3591608294519526,231.0,27.47734496835635,149.4640737484976,23648.001193757555,14.682935555981,7.540315801281204,14.98044434495934,0.00274094050375151,4.4264778942283876,5227.688793027899,7.440128543678136,0.5575553682779817,1.5183296158006794,1.7625996862310533,2.9942303780371806,0.8952278099368721,262.4546085257234,8.18654954131686,11.465577681476153,42.77607155568126,10.048677411682602,1775065257.1547322,15,Healthy,None
33.854650603277996,26.63402063153599,34.99018795247152,18.02037752216316,4.761006436127476,-1.739111558514258,2957.959292718089,-0.00036160991264075956,-0.7100642772489703,0.5461041031673936,1.610133369631527,0.5461041131673936,2.8454142126321447,2.9484000043376044,85.0,31.33340783523685,148.78047229645583,22129.926355911062,10.456245934891237,7.479900871178608,14.976807476732168,0.027162470326890786,4.221959245583353,3986.291095300025,7.496906605553559,0.07878315790299495,1.4321620160914523,1.6693866865975373,2.9930882423717518,0.8577667917645042,215.5108261389998,0.8237760745610854,10.634915126470249,43.12204191444581,9.939588816507063,1775065258.5354521,15,Healthy,None
31.583811762942645,26.726667267441684,34.94632600974293,18.022091682559523,4.8007342306412175,2.9343050645038957,2970.9466205964522,0.0010763397096551495,-0.011479454189017746,0.5349398354808202,1.6641962491011364,0.5349398454808203,3.0458811647662203,3.110996989961191,204.0,28.33169155773735,142.51038221354804,22079.545026497137,13.027624825155627,7.722926745356557,14.979133336775366,0.004310771739681751,4.317395772917149,3603.1753044283655,7.256206591418809,0.1274374726305375,1.4732945231900165,1.7005364528818734,2.9873144010022092,0.8492511262979671,246.09673460079787,1.660207582096681,11.172064430769813,42.66686388077933,9.813300255377463,1775065259.8904574,15,Healthy,None
21.66748479491718,26.518022478661692,34.986310783582894,18.010331467188,5.03767372661588,-3.9550398736335137,3124.979165173205,-0.0014788149542043095,-0.434721820429939,0.5452529206433394,1.515147163170808,0.5452529306433395,2.6748084543701034,2.7787969179424645,66.0,37.17666465542384,148.24878725332283,22626.319126659044,4.536974755876265,7.5874794824368506,14.98384796867711,0.023900089631279098,4.383766211282176,3691.3563069027637,7.39636848624026,0.4297411958635078,1.4787442636836627,1.6968060698657057,2.9921250004784667,0.832145565003963,270.4681436749088,1.9497249571928126,11.150790246509834,43.771205633046144,9.455661864864444,1775065261.3185842,15,Healthy,None
18.72770478115942,26.640493472614022,34.88688064294185,18.05455240208531,4.873821411971525,-1.6797315332551097,3295.7286702233014,-0.0028154844223671964,0.004961337171194735,0.5311805126042033,1.4876367899315581,0.5311805226042033,2.67377012022748,2.8006237552502196,8.0,27.799148930179804,141.2371564904644,20343.438891018264,10.799884764743531,7.542949967862465,14.978845449987247,0.030079628351795673,4.147603100492144,6469.678503194457,7.435895482124782,1.8550792352707246,1.5071424662748198,1.7443792291649718,2.9935135064417078,0.8782826888270284,246.84720096357688,20.03464197039238,11.207675236740378,42.99116637969483,9.557437986833131,1775065262.6817763,15,Healthy,None
19.833821857415813,26.531523152499865,34.99633496666457,18.018590034487985,4.764035575836,-2.8500798853348535,3076.242114846924,-0.0008872404346968706,0.39447223445390733,0.552577095324356,1.6848804306669503,0.552577105324356,2.9088935709756742,3.0491318124335716,150.0,32.17601416194999,152.2806605672053,24283.703371636104,11.858832846933934,7.1268368130555455,14.94240844097598,0.02966067361277136,4.315173060311976,3588.4608233511076,7.815571627920434,1.443426361192683,1.4212056942838958,1.6599353574506026,2.9974080701845107,0.8576478096804595,265.08334584565443,17.117351944242113,10.215029281694871,42.6314640565593,9.65212257965521,1775065264.097753,15,Healthy,None
25.99406070876979,26.830910390049752,34.970260383226936,18.151833637595388,4.804886025293609,-1.9932935617996919,2511.2357194462475,0.0009909297804786784,-0.9022345133289482,0.535934322815552,1.6040192259584358,0.535934332815552,2.902921869995243,2.9929398580077113,86.0,33.60540372941361,143.1239562982143,19395.838637136552,7.978815404612272,7.292599630324989,14.971213798338743,0.018575067485439023,4.357826693305409,5760.007482145077,7.6786141680137545,1.2313512170757588,1.5056853499280518,1.7341861597711012,2.9822825004541302,0.8604145882966416,250.10713061771094,9.824724059292134,10.869785206888853,40.52106629897322,9.773307271343759,1775065265.5297277,15,Healthy,None
